{
  "audio_only": {
    "accuracy": 0.495,
    "f1": 0.4939752999824645,
    "auc": 0.4496186270574067
  },
  "text_only": {
    "accuracy": 0.52,
    "f1": 0.5169082125603865,
    "auc": 0.5329185066238459
  },
  "simple_concat": {
    "accuracy": 0.435,
    "f1": 0.4332856892098598,
    "auc": 0.41690084303492575
  },
  "cross_modal_attention": {
    "accuracy": 0.45,
    "f1": 0.43363196375244567,
    "auc": 0.40776796467282217
  }
}